{"cameraMode":{"drawMode":0,"name":"Shaded","section":"Shading Mode"},"sceneLighting":false,"audioPlay":false,"sceneViewState":{"m_AlwaysRefresh":false,"showFog":false,"showSkybox":false,"showFlares":false,"showImageEffects":false,"showParticleSystems":false,"showVisualEffectGraphs":true,"m_FxEnabled":true},"in2DMode":false,"pivot":{"x":0.37366315722465517,"y":0.9252424836158752,"z":0.10138225555419922},"rotation":{"x":-0.2996090054512024,"y":-0.055202677845954898,"z":0.017367197200655938,"w":-0.9523065090179443},"size":0.8924359083175659,"orthographic":false}