{"cameraMode":{"drawMode":0,"name":"Shaded","section":"Shading Mode"},"sceneLighting":false,"audioPlay":false,"sceneViewState":{"m_AlwaysRefresh":false,"showFog":true,"showSkybox":false,"showFlares":true,"showImageEffects":true,"showParticleSystems":true,"showVisualEffectGraphs":true,"m_FxEnabled":true},"in2DMode":false,"pivot":{"x":-29.999996185302736,"y":15.000001907348633,"z":-3.499999523162842},"rotation":{"x":-0.0002867704606615007,"y":-0.9958152174949646,"z":0.09168454259634018,"w":-0.0023748506791889669},"size":33.723140716552737,"orthographic":false}