{"cameraMode":{"drawMode":0,"name":"Shaded","section":"Shading Mode"},"sceneLighting":false,"audioPlay":false,"sceneViewState":{"m_AlwaysRefresh":false,"showFog":true,"showSkybox":false,"showFlares":true,"showImageEffects":true,"showParticleSystems":true,"showVisualEffectGraphs":true,"m_FxEnabled":true},"in2DMode":false,"pivot":{"x":-9.428715705871582,"y":0.021217886358499528,"z":-47.599876403808597},"rotation":{"x":0.05287329852581024,"y":-0.9173261523246765,"z":0.1302102655172348,"w":0.3725704848766327},"size":0.03971659764647484,"orthographic":false}