{"cameraMode":{"drawMode":0,"name":"Shaded","section":"Shading Mode"},"sceneLighting":false,"audioPlay":false,"sceneViewState":{"m_AlwaysRefresh":false,"showFog":true,"showSkybox":false,"showFlares":true,"showImageEffects":true,"showParticleSystems":true,"showVisualEffectGraphs":true,"m_FxEnabled":true},"in2DMode":false,"pivot":{"x":-0.0723651647567749,"y":0.6126142740249634,"z":0.022731304168701173},"rotation":{"x":-0.061475720256567,"y":-0.9283557534217835,"z":0.16101893782615663,"w":-0.3302050232887268},"size":1.3579845428466797,"orthographic":false}