{"cameraMode":{"drawMode":0,"name":"Shaded","section":"Shading Mode"},"sceneLighting":false,"audioPlay":false,"sceneViewState":{"m_AlwaysRefresh":false,"showFog":true,"showSkybox":false,"showFlares":true,"showImageEffects":true,"showParticleSystems":true,"showVisualEffectGraphs":true,"m_FxEnabled":true},"in2DMode":false,"pivot":{"x":-9.42080020904541,"y":0.1563979685306549,"z":-47.526424407958987},"rotation":{"x":0.007872293703258038,"y":-0.9916987419128418,"z":0.10451287031173706,"w":0.07481148838996887},"size":0.07312562316656113,"orthographic":false}