{"cameraMode":{"drawMode":0,"name":"Shaded","section":"Shading Mode"},"sceneLighting":true,"audioPlay":false,"sceneViewState":{"m_AlwaysRefresh":false,"showFog":true,"showSkybox":true,"showFlares":true,"showImageEffects":true,"showParticleSystems":true,"showVisualEffectGraphs":true,"m_FxEnabled":true},"in2DMode":false,"pivot":{"x":-16.401905059814454,"y":2.179788112640381,"z":-43.687801361083987},"rotation":{"x":0.27103114128112795,"y":-0.015882015228271486,"z":0.004474100656807423,"w":0.9624376893043518},"size":0.4220394790172577,"orthographic":false}