{"cameraMode":{"drawMode":0,"name":"Shaded","section":"Shading Mode"},"sceneLighting":true,"audioPlay":false,"sceneViewState":{"m_AlwaysRefresh":false,"showFog":true,"showSkybox":true,"showFlares":true,"showImageEffects":true,"showParticleSystems":true,"showVisualEffectGraphs":true,"m_FxEnabled":true},"in2DMode":false,"pivot":{"x":-22.594684600830079,"y":0.6056326031684876,"z":27.952299118041993},"rotation":{"x":-0.16010022163391114,"y":-0.2923239767551422,"z":0.0493718683719635,"w":-0.9416903853416443},"size":0.40250736474990847,"orthographic":false}