{"cameraMode":{"drawMode":0,"name":"Shaded","section":"Shading Mode"},"sceneLighting":true,"audioPlay":false,"sceneViewState":{"m_AlwaysRefresh":false,"showFog":true,"showSkybox":true,"showFlares":true,"showImageEffects":true,"showParticleSystems":true,"showVisualEffectGraphs":true,"m_FxEnabled":true},"in2DMode":false,"pivot":{"x":11.059028625488282,"y":-102.91885375976563,"z":-151.90293884277345},"rotation":{"x":0.01051146537065506,"y":0.9553049206733704,"z":-0.2939404249191284,"w":0.03386131301522255},"size":93.45574951171875,"orthographic":false}