{"cameraMode":{"drawMode":0,"name":"Shaded","section":"Shading Mode"},"sceneLighting":true,"audioPlay":false,"sceneViewState":{"m_AlwaysRefresh":false,"showFog":true,"showSkybox":true,"showFlares":true,"showImageEffects":true,"showParticleSystems":true,"showVisualEffectGraphs":true,"m_FxEnabled":true},"in2DMode":false,"pivot":{"x":-2.240652084350586,"y":16.387847900390626,"z":-2.3216781616210939},"rotation":{"x":-0.24701906740665437,"y":0.5065237283706665,"z":-0.15329833328723908,"w":-0.8120810389518738},"size":107.03125762939453,"orthographic":false}