{"cameraMode":{"drawMode":0,"name":"Shaded","section":"Shading Mode"},"sceneLighting":true,"audioPlay":false,"sceneViewState":{"m_AlwaysRefresh":false,"showFog":true,"showSkybox":true,"showFlares":true,"showImageEffects":true,"showParticleSystems":true,"showVisualEffectGraphs":true,"m_FxEnabled":true},"in2DMode":false,"pivot":{"x":2.669159173965454,"y":2.597836971282959,"z":13.793725967407227},"rotation":{"x":-0.011264398694038391,"y":0.9685466885566711,"z":-0.24473769962787629,"w":-0.04503362253308296},"size":1.2869962453842164,"orthographic":false}