{"cameraMode":{"drawMode":0,"name":"Shaded","section":"Shading Mode"},"sceneLighting":true,"audioPlay":false,"sceneViewState":{"m_AlwaysRefresh":false,"showFog":true,"showSkybox":true,"showFlares":true,"showImageEffects":true,"showParticleSystems":true,"showVisualEffectGraphs":true,"m_FxEnabled":true},"in2DMode":false,"pivot":{"x":31.287734985351564,"y":-6.239912033081055,"z":6.496721267700195},"rotation":{"x":0.23894648253917695,"y":0.5978197455406189,"z":-0.19266681373119355,"w":0.7404593229293823},"size":59.654476165771487,"orthographic":false}