{"cameraMode":{"drawMode":0,"name":"Shaded","section":"Shading Mode"},"sceneLighting":true,"audioPlay":false,"sceneViewState":{"m_AlwaysRefresh":false,"showFog":true,"showSkybox":true,"showFlares":true,"showImageEffects":true,"showParticleSystems":true,"showVisualEffectGraphs":true,"m_FxEnabled":true},"in2DMode":false,"pivot":{"x":-60.50946044921875,"y":-3.0242652893066408,"z":138.5109100341797},"rotation":{"x":0.16939714550971986,"y":-0.35166308283805849,"z":0.06486652791500092,"w":0.9184078574180603},"size":130.49078369140626,"orthographic":true}