{"cameraMode":{"drawMode":0,"name":"Shaded","section":"Shading Mode"},"sceneLighting":true,"audioPlay":false,"sceneViewState":{"m_AlwaysRefresh":false,"showFog":true,"showSkybox":true,"showFlares":true,"showImageEffects":true,"showParticleSystems":true,"showVisualEffectGraphs":true,"m_FxEnabled":true},"in2DMode":false,"pivot":{"x":-0.4628450870513916,"y":1.3440369367599488,"z":1.8303076028823853},"rotation":{"x":0.020931465551257135,"y":-0.6312038898468018,"z":0.017050141468644143,"w":0.7751525044441223},"size":1.1277904510498047,"orthographic":false}