{"cameraMode":{"drawMode":0,"name":"Shaded","section":"Shading Mode"},"sceneLighting":true,"audioPlay":false,"sceneViewState":{"m_AlwaysRefresh":false,"showFog":true,"showSkybox":true,"showFlares":true,"showImageEffects":true,"showParticleSystems":true,"showVisualEffectGraphs":true,"m_FxEnabled":true},"in2DMode":false,"pivot":{"x":0.8868374228477478,"y":-6.803849697113037,"z":39.27119064331055},"rotation":{"x":0.0988384336233139,"y":-0.006891833618283272,"z":0.0008800719515420497,"w":0.9951243996620178},"size":24.294574737548829,"orthographic":false}