{"cameraMode":{"drawMode":0,"name":"Shaded","section":"Shading Mode"},"sceneLighting":true,"audioPlay":false,"sceneViewState":{"m_AlwaysRefresh":false,"showFog":true,"showSkybox":true,"showFlares":true,"showImageEffects":true,"showParticleSystems":true,"showVisualEffectGraphs":true,"m_FxEnabled":true},"in2DMode":false,"pivot":{"x":-17.206050872802736,"y":1.7522799968719483,"z":-43.440773010253909},"rotation":{"x":0.18454773724079133,"y":-0.5950563549995422,"z":0.14278239011764527,"w":0.7690962553024292},"size":5.664646625518799,"orthographic":false}