{"cameraMode":{"drawMode":0,"name":"Shaded","section":"Shading Mode"},"sceneLighting":true,"audioPlay":false,"sceneViewState":{"m_AlwaysRefresh":false,"showFog":true,"showSkybox":true,"showFlares":true,"showImageEffects":true,"showParticleSystems":true,"showVisualEffectGraphs":true,"m_FxEnabled":true},"in2DMode":false,"pivot":{"x":-0.11799551546573639,"y":1.240891933441162,"z":-1.9174162149429322},"rotation":{"x":0.0018494239775463939,"y":0.026139192283153535,"z":0.0015441467985510827,"w":0.9998832941055298},"size":0.9239858388900757,"orthographic":true}