{"cameraMode":{"drawMode":0,"name":"Shaded","section":"Shading Mode"},"sceneLighting":true,"audioPlay":false,"sceneViewState":{"m_AlwaysRefresh":false,"showFog":true,"showSkybox":true,"showFlares":true,"showImageEffects":true,"showParticleSystems":true,"showVisualEffectGraphs":true,"m_FxEnabled":true},"in2DMode":false,"pivot":{"x":-6.141361713409424,"y":1.4159232378005982,"z":0.46917587518692019},"rotation":{"x":-0.20584608614444734,"y":-0.10528509318828583,"z":0.02220292016863823,"w":-0.9728870391845703},"size":3.1001369953155519,"orthographic":false}