{"cameraMode":{"drawMode":0,"name":"Shaded","section":"Shading Mode"},"sceneLighting":true,"audioPlay":false,"sceneViewState":{"m_AlwaysRefresh":false,"showFog":true,"showSkybox":true,"showFlares":true,"showImageEffects":true,"showParticleSystems":true,"showVisualEffectGraphs":true,"m_FxEnabled":true},"in2DMode":false,"pivot":{"x":-26.377561569213868,"y":-14.199371337890625,"z":3.6618404388427736},"rotation":{"x":-0.23538918793201447,"y":0.7645074129104614,"z":-0.42471441626548769,"w":-0.4240734279155731},"size":55.14567947387695,"orthographic":false}