{"cameraMode":{"drawMode":0,"name":"Shaded","section":"Shading Mode"},"sceneLighting":false,"audioPlay":false,"sceneViewState":{"m_AlwaysRefresh":false,"showFog":true,"showSkybox":false,"showFlares":true,"showImageEffects":true,"showParticleSystems":true,"showVisualEffectGraphs":true,"m_FxEnabled":true},"in2DMode":false,"pivot":{"x":-29.999996185302736,"y":15.000001907348633,"z":-3.499999523162842},"rotation":{"x":0.03179518133401871,"y":-0.9669288396835327,"z":0.15239880979061128,"w":0.20217424631118775},"size":33.723140716552737,"orthographic":false}