{"cameraMode":{"drawMode":0,"name":"Shaded","section":"Shading Mode"},"sceneLighting":false,"audioPlay":false,"sceneViewState":{"m_AlwaysRefresh":false,"showFog":true,"showSkybox":false,"showFlares":true,"showImageEffects":true,"showParticleSystems":true,"showVisualEffectGraphs":true,"m_FxEnabled":true},"in2DMode":false,"pivot":{"x":0.37366315722465517,"y":1.0007911920547486,"z":0.1859309822320938},"rotation":{"x":-0.011161110363900662,"y":-0.9783920645713806,"z":0.19934475421905518,"w":-0.054357048124074939},"size":1.713530421257019,"orthographic":false}